GameID,LeagueIndex,Age,HoursPerWeek,TotalHours,APM,SelectByHotkeys,AssignToHotkeys,UniqueHotkeys,MinimapAttacks,MinimapRightClicks,NumberOfPACs,GapBetweenPACs,ActionLatency,ActionsInPAC,TotalMapExplored,WorkersMade,UniqueUnitsMade,ComplexUnitsMade,ComplexAbilitiesUsed
61,1,21,8,240,46.9962,0.000820114,0.000168517,6,0,4.49E-05,0.001988496,94.0227,90.5311,4.1017,15,0.00057296,5,0,0
171,1,18,6,230,69.5076,0.00017507,0.000204248,4,5.84E-05,0.000204248,0.001458917,45.0612,112.96,9.14,11,0.00058357,4,0,0
363,1,33,4,120,68.6598,0.000302046,0.000322876,0,0,6.25E-05,0.002395534,48.6812,87.513,5.413,23,0.0005416,6,0,0.00020831
532,1,22,20,315,54.0792,0.001257583,0.000295902,3,3.70E-05,0.00048084,0.002182276,37.1724,111.661,3.9492,14,0.0013316,5,0,0
590,1,19,16,730,60.4956,0.000830803,8.21E-05,2,0,0.00061541,0.002194962,103.9624,93.3271,5.2103,36,0.0012924,7,0.000317962,0.00046156
600,1,17,12,300,89.031,0.000710109,0.000153161,1,0,0.000139237,0.003104985,53.5856,63.426,5.1435,26,0.0014341,5,0,0
699,1,21,10,150,86.2812,0.001027689,0.000177188,4,2.36E-05,0.000189,0.002929503,60.1296,76.3871,5.1573,23,0.001134,6,0,0
731,1,35,12,250,33.6204,0.001030234,0.000126151,1,0,1.05E-05,0.002218157,91.581,124.3602,2.4218,15,0.00065178,7,0,0
766,1,22,10,30,43.779,0.000294079,0.000130702,3,0,0.000261404,0.002842766,35.2093,86.6667,2.8966,7,0.00071886,3,0,0
771,1,20,4,250,44.0304,0.001070146,0.000327948,4,0,0.000241646,0.002485501,52.6993,113.1944,2.9722,11,0.00027617,4,0,0
779,1,28,6,100,68.214,0.00121146,0.000346131,1,0,0.00038607,0.002289792,57.0526,84.0698,5.4767,17,0.00099846,6,0,0
1013,1,28,8,176,69.1182,0.004277192,0.000187596,0,2.81E-05,6.57E-05,0.002185495,68.931,96.1545,4.1588,23,0.00066597,7,8.44E-05,6.57E-05
1016,1,24,16,60,25.6062,0.000211822,0.000121041,1,0,3.03E-05,0.001482752,74.8219,143.2381,3.3061,16,0.00039338,7,0,0
1074,1,22,16,400,38.3274,0,0,0,2.13E-05,8.52E-05,0.002578418,76.0667,88.6281,2.843,16,0.00061797,3,0,0
1128,1,18,14,100,50.1,0.002076545,0.000175708,0,0,4.79E-05,0.00238004,59.6486,114.0671,3.1678,13,0.00099035,6,0,0
1141,1,19,10,50,61.6098,0.002206861,0.000251517,7,5.68E-05,0.00021095,0.002628761,86.2291,84.5802,3.608,30,0.00048681,8,0,0
1173,1,26,8,50,31.33314,0.000149368,6.64E-05,4,0,0.000348525,0.002530952,111.1842,100.6295,2.3246,25,0.00016596,7,0,0.00010788
1228,1,26,4,230,68.1048,0.001494836,0.000249139,3,9.06E-05,0.000566226,0.002242254,36.7755,90.3838,5.0606,10,0.00061152,3,0,0
1247,1,18,42,600,41.037,0.000747702,0.000120002,7,2.77E-05,4.62E-05,0.002040025,118.6727,116.0724,3.4434,21,0.0002677,6,0,0
1298,1,17,70,400,82.0902,0.000106655,6.40E-05,1,1.07E-05,0.000106655,0.001930461,50.0444,71.9779,8.1215,17,0.00035196,6,0,0
1338,1,22,6,700,43.3638,0.000330657,9.45E-05,4,0.000125964,7.87E-05,0.001739884,154.8,123.2941,4.5339,23,0.00088962,10,0,0
1347,1,28,4,40,53.55,0.000302298,8.24E-05,2,0,0.000274816,0.001429043,73.9608,108.6154,6.8269,11,0.0013466,4,0,0
1366,1,20,14,200,96.7374,0.002277344,0.000246199,1,0,0.000415461,0.002015757,57.3231,85.5267,8.2977,17,0.001031,5,0,0
1447,1,20,28,200,72.591,0.000176258,0.00019829,3,0,0.000132194,0.003172645,17.9021,66.6111,4.2778,9,0.00048471,4,0.000154226,2.20E-05
1469,1,22,16,200,55.203,0.001085999,0.000236087,4,0,0.000251826,0.002156258,74,114.0146,4.6277,17,0.00077122,5,0.000157391,0.00037774
1580,1,19,8,300,104.4486,0.003025141,0.000411184,2,5.87E-05,0.000117481,0.001762218,24.4746,72.7333,9.6167,11,0.00061678,3,0,2.94E-05
1603,1,16,12,100,61.5984,0.000885508,0.000124719,2,0,0.000224495,0.002357196,49.4468,104.7407,4.4392,16,0.00061112,5,0,0
1604,1,25,24,300,43.4706,0.000170466,0.000194818,4,0,0.000121761,0.002995324,61.2082,106.1138,2.7724,16,0.0007671,8,0,0
1634,1,18,4,50,82.6356,0.001949166,3.90E-05,1,0,0,0.002611882,79.8788,84.0597,5.0896,14,0.0009356,5,0,0
1648,1,21,20,600,44.1438,0.000413367,0.000206684,5,0,3.26E-05,0.002904447,62.8421,91.5955,2.7566,17,0.00047864,6,0,0
1679,1,16,8,30,54.4656,0.001223414,0.0001294,5,0,0.000305854,0.002611519,64.7783,87.8018,3.6306,22,0.00083522,7,0,2.35E-05
1719,1,34,12,150,49.1136,0.000185891,0.000185891,1,0,0.000418255,0.001185054,57.68,165.5686,7.9412,10,0.00099916,5,0,0
1825,1,16,8,70,45.2916,0.000667111,0.000100067,0,5.00E-05,8.34E-05,0.001200801,112.5634,173.5556,6.6111,17,0.00053369,6,0,0
1826,1,27,2,250,37.7802,0,4.32E-05,1,0,0.000330821,0.002517116,60.6897,106.3771,2.8629,12,0.00031644,5,0,0
1830,1,16,10,200,92.2266,0.000641343,9.00E-05,4,0,0.000191278,0.002700392,54.0921,63.6,6.1917,17,0.00030379,8,0,1.13E-05
1852,1,28,8,120,44.2218,0.000443146,0.00020516,4,8.21E-06,0,0.002716321,46.0727,82.6586,3.0363,25,0.00034467,7,0,0.00011489
1902,1,17,14,100,73.7232,0.000259929,3.71E-05,0,0,0.000378754,0.003304815,37.4144,69.618,4.0742,24,0.00033419,7,7.43E-05,2.97E-05
2013,1,20,20,900,100.518,0.001610331,0.000322066,5,0.00026072,0,0.003558064,39.9654,65.7069,4.7672,15,0.00059812,6,0,0
2051,1,16,6,670,56.6298,0.000529815,0.000267696,1,5.58E-06,3.35E-05,0.001868294,102.5269,111.1761,5.5075,23,0.00050751,9,5.02E-05,0.00019519
2095,1,38,16,300,71.595,0.000276968,2.92E-05,2,0.000174927,0.000233236,0.002084548,30.5634,76.4476,6.4336,15,0.001414,6,0,0
2178,1,16,20,500,55.8648,0.000122856,6.14E-05,5,2.46E-05,0.000343997,0.002567694,48.5769,71.2919,4.0574,18,0.00039314,11,4.91E-05,4.91E-05
2231,1,26,2,100,48.4494,0.000708692,0.000228223,3,6.01E-05,4.80E-05,0.002774708,52.9913,84.6061,3.1991,26,0.00055254,7,0,4.80E-05
2423,1,35,14,50,32.8884,5.54E-05,0.000110816,2,0,0.000277039,0.000886525,9.9355,128.5,7.2812,7,0.00047097,3,0,0
2533,1,24,10,300,54.045,0.000371722,6.76E-05,3,1.69E-05,0.000185861,0.00219654,63.2248,96.2462,4.5538,11,0.0004731,3,0,0
2677,1,18,2,80,39.8712,4.33E-05,0.000100946,4,5.77E-05,5.77E-05,0.002610175,62.1556,102.453,2.9282,12,0.00031726,5,0,0
2988,1,18,24,900,46.5588,0.000420496,0.000165195,3,1.50E-05,7.51E-05,0.002222623,42.0136,95.027,3.8108,13,0.00058569,5,0,0.00010512
2997,1,16,8,72,70.41,0.001090021,0.000155717,6,0,3.28E-05,0.002704563,103.7568,88.2303,4.5364,28,0.00071302,9,0,0
3031,1,21,8,500,47.9412,0.000569727,0.00011027,4,0.000147026,0.000128648,0.00183783,89.9798,94.68,4.71,15,0.00062486,5,0,0
3044,1,20,10,20,48.1542,0.001958751,0.000489688,1,0.000100818,0.000345662,0.002520452,54.8506,101.0971,2.9657,12,0.00048969,7,0,0.00011522
3061,1,18,8,150,84.5352,0.002354788,0.000160554,4,3.57E-05,0.000196232,0.003246753,68.1989,63.5824,4.2198,22,0.00067789,5,0,0
3104,1,16,20,20,103.0962,0.000659392,0.000232727,5,0,0,0.002909082,56,70.7733,6.5289,29,0.00090505,6,0,0
3135,1,25,4,350,48.5838,0.001093248,0.000144695,6,0,0.000257235,0.002106109,86.0308,88.2137,3.9847,16,0.00057878,6,0,6.43E-05
3146,1,25,8,60,53.0832,0.000974961,0.000276978,2,0,0.000221582,0.003113229,62.9429,72.6406,3.0498,26,0.00078662,6,0,6.65E-05
3152,1,19,10,50,87.0408,0.005331442,0.000341422,3,0,0.000183843,0.003361698,46.0787,71.1562,3.375,17,0.00044648,3,0,0
3210,1,32,20,750,94.2588,0.006836564,8.02E-05,6,0,0.000288869,0.002575748,44.4375,75.5514,4.3302,23,0.0004654,9,4.81E-05,0
3237,1,25,16,60,69.8094,0.002741573,0.00052809,7,0,0.000123596,0.003393258,52.412,76.7947,3.1159,16,0.00053933,7,0,5.62E-05
3265,1,27,14,50,58.4136,0.001569366,0.000348748,4,0,0.000191811,0.001604241,46.2418,106.5652,6.4783,14,0.0010114,5,0,0
3287,1,21,16,100,94.9017,0.003313176,9.65E-05,2,0,0.000868502,0.002026505,118,110.0952,7.381,12,0.00016083,3,0,0
3302,1,23,8,60,51.5208,0.000911969,0.000154863,5,0,6.88E-05,0.002202492,52.7874,101.3438,4.1016,21,0.00022369,5,0,0
3339,1,23,2,200,44.8266,0.000116773,9.34E-05,3,2.34E-05,0.000490448,0.002136952,58.2418,94.7541,4.0437,21,0.00072399,7,0,4.67E-05
3344,1,20,20,300,60.0696,0.000927571,0.000313545,0,2.61E-05,0.000274352,0.002769649,51.8104,76.1698,3.9717,23,0.00045725,7,0.000143708,0.00016984
3389,1,17,20,100,56.5278,0.001264843,0.000283944,2,0.000180692,0.000490449,0.002168302,58.8434,94.1429,4.4048,12,0.00082602,4,0,7.74E-05
3423,1,23,10,100,78.1968,0.000409165,4.87E-05,4,0.000185099,0.000155873,0.002571896,51.27,71.3485,5.5795,14,0.00038968,7,3.90E-05,9.74E-06
3426,1,35,8,350,66.5358,1.34E-05,2.67E-05,2,2.01E-05,0.00045457,0.001611049,55.15,97.9917,8.1494,27,0.0010228,7,0,6.68E-06
3428,1,20,10,50,38.3322,0.000508373,0.000318979,1,0,4.98E-05,0.001973684,60.3452,113.4141,3.4949,22,0.00025917,5,0,0
3449,1,29,10,500,43.6686,0.000212804,0.000123202,6,0,0.000100802,0.00208324,48.8,104.6237,4.0108,20,0.00033601,6,0,0
3494,1,33,10,750,31.5294,0.000149548,7.04E-05,6,0,7.92E-05,0.001935325,76.895,111.1818,3.0227,17,0.00038706,7,0,0
3539,1,20,8,60,76.308,0.001377818,0.000113869,5,0,0.000421316,0.002721476,49.7647,73.4059,4.8954,22,0.0012298,7,0.000227739,0.00010248
3580,1,18,12,600,83.01,0.00040292,2.37E-05,0,0,0.000355518,0.003033751,40.5039,72,5.0547,13,0.00061623,4,0,2.37E-05
3587,1,16,24,500,61.971,0.000137906,0.000114921,4,0,0.00032178,0.002666176,54.5043,68.2069,4.4052,13,0.00055162,5,0,9.19E-05
3621,1,32,16,650,33.8424,0.000359913,0.000127711,0,0,6.97E-05,0.001764733,72.4503,125.8421,3.5395,19,0.00052245,7,0,2.32E-05
3710,1,16,16,420,40.1292,0.000188987,0.000130837,4,2.18E-05,2.18E-05,0.001613654,129.9729,130.2523,4.7342,22,0.00027621,7,0.000181718,5.09E-05
3734,1,25,10,100,30.1632,0.000427298,0.000122085,3,0,0.000152607,0.001526065,113.0612,108.72,3.7,9,0.00051886,4,0,3.05E-05
3752,1,20,10,700,66.102,0.000253485,0.000144849,1,9.05E-06,0.000235379,0.002435271,69.8806,95.1524,5.1784,14,0.00089625,8,6.34E-05,0.00023538
3764,1,20,16,450,78.2736,0.001364664,0.000245213,4,0,6.40E-05,0.002132287,72.8241,99.08,6.54,20,0.0015459,7,0,0
3773,1,20,8,500,49.7838,0.000273984,2.11E-05,0,0,0.000158068,0.002497471,58.9492,92.27,3.8101,22,0.00044259,7,0,6.32E-05
3782,1,18,24,100,37.9656,6.27E-06,3.76E-05,2,7.53E-05,6.27E-05,0.00204481,76.8738,122.5767,3.5982,41,0.00039516,8,0,1.25E-05
3787,1,18,14,30,42.3318,0.000770762,0.000127449,6,0.000109242,0.00012138,0.002099871,93.8203,93.1445,3.4913,29,0.00044304,7,1.82E-05,2.43E-05
3801,1,22,24,100,24.9042,0.000301136,4.30E-05,3,2.87E-05,0.000100379,0.001878513,75.3538,141.8931,2.4885,13,0.00045887,5,0,0
3843,1,20,24,75,65.7948,0,1.12E-05,1,0,6.71E-05,0.0027641,52,82.7206,4.4696,16,0.00027977,5,2.24E-05,1.12E-05
3857,1,24,16,200,31.7124,7.64E-05,4.58E-05,3,0,0.000152709,0.002076843,60.9185,101.3824,3.0221,20,0.00050394,4,0,0.00012217
3880,1,20,4,25,85.2954,0.000979945,9.12E-05,0,0,0.000432999,0.001686418,49.589,83.6216,8.8514,12,0.00082042,4,0,0
3899,1,16,16,80,37.31454,0.000192456,3.85E-05,0,0,0.00034642,0.000846805,237.1429,161.6364,8.0909,18,7.70E-05,2,0,0
3927,1,18,20,80,41.8968,0.002025463,0.000385803,10,2.41E-05,9.65E-05,0.001663773,63,145.0435,3.913,11,0.0010368,6,0,0
4157,1,25,12,20,71.2314,0.000378845,5.68E-05,2,1.89E-05,0.000246249,0.002670859,73.7714,83.1489,4.844,13,0.0011744,5,0,0
4177,1,16,20,150,51.4452,0.000141538,6.53E-05,5,1.09E-05,0.000326627,0.00400662,49.5695,59.1304,2.3016,30,0.00023953,7,0,0
4191,1,25,28,600,60.507,0.000525663,0.000161743,5,1.35E-05,5.39E-05,0.002399181,44.6328,85.3483,4.6517,8,0.00071436,6,0,0.00021566
4263,1,23,4,20,53.4696,0.000396063,6.00E-05,3,4.80E-05,0.000432069,0.001644263,86.3529,132.2628,6.1241,19,0.0010202,6,0,0
4269,1,26,16,30,35.0388,0.001375138,0.000144751,5,0,4.34E-05,0.002605524,73.2067,96.7556,2.0389,16,0.00047768,5,0,0
4276,1,29,28,900,58.2984,0.001898348,0.000332557,2,0,1.39E-05,0.002882164,65.9903,93.0192,3.2644,23,0.00083139,5,6.93E-05,0.00016628
4283,1,21,20,600,47.1678,0.000468837,0.000190465,4,0.000227093,0.001018255,0.002769069,47.2255,89.0899,3.127,34,0.00054942,7,0,0.00016116
4510,1,25,4,50,43.2744,0.000824336,0.000196965,5,0,6.57E-05,0.002626204,67.532,103.3,2.9083,16,0.00022615,9,0,0
4517,1,31,12,200,41.586,0.001057703,0.000168877,5,0.000195542,4.44E-05,0.001724322,130.2176,122.0206,4.0825,25,0.00062218,5,0,0
4565,1,19,8,75,75.6618,0.00075785,7.41E-05,3,0,8.24E-05,0.003105539,72.2234,76.7321,4.122,24,0.00043659,5,0,0
4684,1,16,16,140,85.08,0.000675322,0.000152492,0,0,0.00052283,0.001829906,28.8675,79.8571,8.0833,13,0.00037034,4,0,0
4777,1,24,6,20,43.1352,0.000242332,6.06E-05,3,0,0.000112511,0.002925293,79.3709,67.0059,2.716,33,0.0005539,8,5.19E-05,1.73E-05
4889,1,30,2,60,100.0932,0.002155813,0.000191156,6,2.12E-05,0.000318593,0.00324965,53.377,66.7582,5.2092,31,0.00074338,7,7.43E-05,0.00035045
4943,1,21,8,200,69.7926,0.001471274,0.000480713,6,0.00010197,0.000291341,0.002811444,43.2292,63.5855,4.342,19,0.0010634,6,0,0
4960,1,22,10,600,61.92,0.000111166,0.000117706,5,0.000170019,0.000333499,0.00219717,43.403,97.1905,5.881,32,0.00083048,9,2.62E-05,0
5004,1,24,6,150,35.04,0.000661065,0.000352568,2,1.47E-05,4.41E-05,0.001850981,82.112,111.0794,3.3095,15,0.00027912,5,0,0
5020,1,24,12,400,63.8106,0,0,0,0,5.60E-05,0.005012882,48.1681,51.5084,2.1006,23,0.00044808,6,0,0
5057,1,26,10,12,30.6366,0.000499115,8.86E-05,4,0,6.44E-05,0.001819353,91.4311,113.2389,3.0133,18,0.00043471,8,0,8.05E-06
5060,1,20,28,100,139.6362,0.007162457,0.000605278,3,0,2.02E-05,0.002219353,58.8624,76.4364,9.2364,20,0.00066581,5,0,0
5090,1,29,8,90,80.3448,0.000830711,0.000106986,3,0,0.000106986,0.003316551,58.8821,82.4288,4.3586,31,0.0001825,6,0,0
5099,1,27,4,100,30.9174,0.000292883,0.000158645,4,1.22E-05,7.32E-05,0.002635947,70.2326,102.7222,2.2037,15,0.00024407,4,0,8.54E-05
5304,1,21,12,200,62.004,0.001691475,0.000302049,5,0,0.000157066,0.002899671,58.9289,85.7667,3.5583,14,0.0006041,7,0,0.00019331
5323,1,18,28,200,49.7424,0.000365927,0.000137223,6,3.27E-05,0.000673044,0.001914582,75.9863,103.1399,4.8191,24,0.00033979,9,7.84E-05,0
5326,1,20,20,16,73.2594,0.000954199,0.000136314,5,0,9.91E-05,0.003866363,52.8103,69.4359,3.2981,21,0.00069396,6,0,0
5483,1,23,20,216,54.405,0.002137069,0.000356178,1,0.00018551,0.000237452,0.002255795,37.6634,96.2237,3.8487,25,0.00059363,8,0,4.45E-05
5490,1,35,8,250,49.4076,0.000546134,0.000172463,4,0,4.31E-05,0.002242024,54.3226,85.4103,4.0577,15,0.00060362,3,0,0
5558,1,23,2,300,77.241,0.000565349,0.000130465,2,8.70E-05,0,0.003450075,32.5401,63.2941,4.1176,26,0.00068132,4,0,2.90E-05
5663,1,19,20,350,34.278,0.000556815,0.000185605,4,0,3.91E-05,0.002197953,118.1607,93.2089,2.7156,21,0.00066427,6,0,3.91E-05
5691,1,16,32,50,42.3318,0.001605851,0.000377847,5,0,0,0.002617942,89.3057,79.1959,2.3969,25,0.0010256,6,0,0
5738,1,16,14,450,52.644,0.000538144,0.000107629,3,0,0.000107629,0.001958843,34.8889,107.033,4.989,13,0.00045204,4,0,0
5777,1,20,8,100,73.7214,0.001414836,0.000456399,2,0,0.000243413,0.002418913,75.5696,96.5535,5.4277,12,0.0011258,7,4.56E-05,4.56E-05
5784,1,19,4,60,68.4336,0.001835064,0.000250949,0,7.84E-05,0.000337213,0.002321277,84.0949,91.9054,4.8851,26,0.00065874,11,2.35E-05,0
5807,1,20,2,36,48.174,0.003516799,0.000204862,7,8.54E-06,8.54E-06,0.00125478,94.7397,161.1973,4.4966,19,0.00037558,6,0,0
5833,1,19,14,100,50.5584,0.002709641,0.000399316,4,2.85E-05,2.85E-05,0.002224758,79.1688,91.1795,3.0769,10,0.00059897,2,0,0
5873,1,19,16,20,65.9064,0.00096642,0.000209585,4,0,0.000302734,0.002154068,40.3478,96.8432,5.427,18,0.00050068,7,0,9.31E-05
5883,1,33,12,30,46.542,0.001088617,0.000238732,3,9.55E-06,0.000114591,0.002320474,58.2149,111.0288,3.4691,20,0.00041062,6,0,0
5933,1,22,2,300,46.6974,0.000257308,0.000257308,3,0,0.000205846,0.002238576,49.3023,105.931,3.8851,12,0.00043742,4,0,5.15E-05
5982,1,24,8,700,42.0726,0.001223915,0.00066759,1,1.24E-05,0.000135991,0.002818712,63.207,95.8246,2.4254,16,0.00037088,5,0,0
6172,1,24,18,200,106.7454,0.00212154,0.000355963,6,9.97E-05,0.000113908,0.003289099,42.087,61.316,5.3463,19,0.00059802,4,0,0
6217,1,17,10,700,62.0832,0.000297,0.0001485,0,0,0.000259875,0.002190377,50.5641,71.0508,5.3051,14,0.0016706,5,0,0
6237,1,20,12,730,172.953,0.013986111,0.000666667,5,8.33E-05,8.33E-05,0.004041667,35.2552,51.1065,4.5945,17,0.001375,6,0,0.000625
6283,1,17,6,100,102.5208,0.001416932,0.000118078,3,8.86E-05,0.000177117,0.002302515,20.6234,70.6154,7.7692,12,0.00050183,5,0,0
6316,1,20,16,400,35.4252,0.000580819,0.00011958,5,3.42E-05,5.98E-05,0.002186614,109.4118,103.5625,2.8008,21,0.0003502,8,0,0.0001025
6324,1,27,8,250,141.6282,0.00135374,0.000225623,6,0,0.00019742,0.002707479,39.9024,69.6667,9.5243,27,0.00080848,7,0.000206821,0.00062987
6619,1,26,30,200,41.9604,0.000557262,0.00017337,6,4.95E-05,4.95E-05,0.00206806,71.8554,102.5868,3.7066,14,0.00034674,5,0,0
6686,1,17,20,300,49.53,4.97E-05,7.45E-05,0,0,0.000173784,0.002110228,67.0952,97.7412,4.5765,13,0.00054618,4,0,4.97E-05
6695,1,16,14,75,74.4186,0.00144303,0.000336048,2,1.98E-05,0.000197675,0.002312802,27.931,72.3761,5.5385,18,0.00049419,7,0,1.98E-05
6744,1,19,4,250,37.6506,0.000644496,9.67E-05,5,0,0.000139641,0.002459826,104.9298,92.4192,2.6681,14,0.00022557,7,0,0
6770,1,18,6,450,35.2848,5.81E-05,2.91E-05,1,0,8.72E-05,0.001540877,76.4615,115.2453,4.4717,7,0.00063961,2,0,0
6842,1,22,4,30,74.3148,0.001196535,0.000257482,4,1.51E-05,0.000817884,0.002665697,51.84,96.2273,4.7898,22,0.00080274,7,0,1.51E-05
6847,1,35,12,450,46.8606,0.001233499,0.000183943,4,0,0.000411166,0.002456178,71.4159,93.9559,3.1982,26,0.00047609,10,2.16E-05,1.08E-05
6888,1,16,56,50,49.4184,0.001510574,0.000142892,2,0,0.000306197,0.001306442,71.1111,104.6875,6.25,12,0.00065322,6,0,0
7174,1,32,4,200,51.0426,0.000251699,0.00012585,3,0,0.000409011,0.001667506,34.9231,77.8113,5.566,9,0.00078656,4,0,0
7182,1,25,4,200,31.569,0.000875216,9.59E-05,5,0.000107903,0.000119893,0.001306829,74.037,123.2294,4.055,19,0.00046758,6,0,0
7464,1,20,24,1870,67.9392,0.000473186,0.00024266,7,0,0.000230527,0.002705654,25.8739,79.4619,4.6323,18,0.00038826,6,0,0
7548,1,25,10,500,46.599,5.70E-05,5.70E-05,3,3.80E-05,0.000247205,0.002319921,33.4545,90.623,3.8934,11,0.00039933,5,0,7.61E-05
7646,1,19,2,340,41.2572,0.000671532,0.000302189,1,0,0.000134306,0.002003402,83.9101,117.0279,3.7318,15,0.00041411,6,0,0
7666,1,29,8,1000,54.4284,0.00024055,0.000137457,0,3.44E-05,0.00045819,0.001489118,45.3023,109.1385,7.0846,16,0.00063001,6,0,0
7685,1,26,12,336,64.0734,0.000370737,8.24E-05,5,0,9.27E-05,0.00373826,41.2486,58.5014,3.168,17,0.00040163,8,0,0
7700,1,22,4,250,89.064,0.003072445,0.000559757,5,2.49E-05,4.98E-05,0.003694398,46.3784,58.8687,3.7306,24,0.0007339,6,0,0.00021146
7760,1,17,4,24,48.879,0.000400282,0.00025618,8,4.80E-05,8.01E-05,0.00238568,55.973,105.0201,3.8255,15,0.0007045,6,9.61E-05,3.20E-05
7804,1,21,10,500,73.1424,3.03E-05,3.03E-05,1,0,3.03E-05,0.002108105,70.7246,83.0216,6.4173,15,0.0010161,5,0,0
7976,1,21,24,150,100.7034,0.00168278,0.000346455,5,8.25E-06,0.00030521,0.003876992,33.9957,56.6894,4.5702,47,0.00088263,8,3.30E-05,8.25E-06
8027,1,21,20,125,60.594,0.00019382,0.00019382,1,8.31E-05,0.000415328,0.001550559,68.8727,134.2857,7.2321,14,0.00063684,4,0,0
8106,1,22,6,400,72.4176,4.61E-05,0.000184247,4,2.30E-05,0.000322432,0.00241824,45.5,81.7905,5.6762,14,0.0002994,3,0,0
8176,1,17,28,20,91.2876,0.003119466,0.000543391,7,0,8.05E-05,0.002877959,22,59.4126,4.9371,14,0.00090565,6,0,8.05E-05
8196,1,16,24,730,28.1118,0.000574953,6.97E-05,5,0,0,0.001507074,160.9535,168.9249,3.1792,17,0.00071434,3,0,0
8208,1,20,30,130,80.1444,0.000471791,7.86E-05,3,0,0.001405544,0.002064085,28.8421,101.2,7.1524,18,0.00065854,7,0,2.95E-05
8306,1,26,4,600,58.5666,0.001239914,0.00012029,5,0,0.000166556,0.002322526,35.184,82.8048,4.3307,21,0.00061996,5,0,0
8417,1,22,28,900,70.5282,0.000368381,5.94E-05,1,0,3.56E-05,0.003778876,49.5268,59.3459,3.478,44,0.0010457,5,0,1.19E-05
8442,1,39,10,500,29.8764,0.000718224,6.95E-05,3,0,0.000127427,0.002038831,88.7771,137.9773,2.4716,22,0.00038228,4,0,0
8605,1,33,6,300,52.0476,0.003101545,0.000386314,6,0,7.73E-05,0.002737307,112.9393,83.1613,2.5524,35,0.00054084,7,0,0.00012141
8629,1,27,12,450,90.4338,0.000190969,2.94E-05,2,0,0.000763875,0.003121603,47.4434,78.56,5.3482,33,0.00049946,9,0,0
8718,1,26,10,50,40.5456,0.000876056,0.000332901,2,5.26E-05,0.000201493,0.002242703,101.4745,103.1875,3.1406,29,0.00034166,7,0,7.01E-05
8734,1,40,12,150,38.559,0.001552231,8.26E-05,4,0,0.000165131,0.001973315,96.9412,114.6109,3.0167,21,0.00041283,7,0,0
8755,1,30,12,150,25.4442,0.000384763,0.000160318,3,0.000192382,6.41E-05,0.000993972,113.2,165.1613,4.3548,7,0.00038476,2,0,0
8849,1,19,14,30,47.2152,0.001517307,0.000284495,5,0,0.000213371,0.001944049,71.6543,100.6829,3.7561,14,0.00052157,5,0,0
8883,1,21,6,12,47.0112,0.000745184,0.000109051,0,0,5.45E-05,0.002562705,61.5143,88.0851,3.2411,19,0.00032715,4,0,0
8906,1,24,24,40,37.263,0.001094675,0.000236686,2,0,0.000340237,0.002263314,52.9474,118.8497,2.7124,16,0.00065089,5,0,2.96E-05
9021,1,28,2,30,98.7384,0.002920402,0.000294304,1,0.000158471,0.000339582,0.001426243,72.5806,115.746,11.0159,17,0.0020601,5,0,0
9160,1,20,12,100,51.6534,0.001858407,0.000294985,4,5.90E-05,0.000147493,0.001710915,85.1228,96.5517,4.5345,11,0.00053097,2,0,0
9185,1,37,12,300,22.0596,2.44E-05,3.25E-05,3,1.63E-05,3.25E-05,0.001594896,134.1128,147.5306,2.8469,18,0.0003499,9,8.95E-05,1.63E-05
9224,1,25,4,200,74.3232,0.000753926,0.000117495,2,9.79E-06,0.000636431,0.002604473,44.2868,77.9549,5.282,19,0.00053852,7,0,7.83E-05
60,2,27,6,70,44.457,0.00097839,0.000255232,2,0,0,0.002424707,76.4405,98.7719,3.0965,16,0.00037221,6,0,0
181,2,25,10,200,75.9642,0.000609665,0.000136864,4,0.000124421,0.000323496,0.00209028,45.1018,78.3095,6.5417,15,0.00093316,6,0,0
187,2,25,8,100,79.128,0.00050077,8.99E-05,4,1.93E-05,0.001720596,0.002754237,50.5327,67.1422,5.345,28,0.00043657,6,0,6.42E-06
215,2,27,24,250,73.9722,0.002647278,0.000454884,7,7.46E-06,0.000186428,0.002684564,58.8858,88.6889,4.4111,24,0.00058166,8,0.0001044,0.00023863
220,2,27,8,280,55.047,0.000642809,0.000126454,0,7.38E-05,9.48E-05,0.002529085,62.8452,83.8667,3.9333,22,0.00052689,6,0,0.00017914
234,2,16,24,50,109.038,0.004300867,0.000177855,6,0,0,0.003395421,28.555,63.1429,4.8571,13,0.0010186,6,0,8.08E-05
263,2,22,16,450,114.942,0.001744367,0.000299987,2,2.22E-05,8.89E-05,0.002577663,31.2208,61.5517,8.1379,22,0.0013888,7,0.000155549,0.00097773
288,2,32,10,400,53.8788,0.001312051,6.91E-05,4,0,9.87E-05,0.001588272,21.325,105.3416,5.677,14,0.00047352,7,0,0
333,2,16,28,300,76.8504,0.000714417,0.000357209,1,0,0.000103706,0.001947364,42.5714,82.5089,7.2249,18,0.00038025,3,0,0
422,2,20,6,100,61.7502,0.001604413,0.000360542,6,0,0.000306461,0.001910874,72.4952,85.5472,5.3585,16,0.0010095,5,0,0
584,2,24,12,10,44.5248,0.001870009,0.000151622,0,5.05E-05,0.000126352,0.002046902,66.35,97.9259,3.358,11,0.00060649,3,0,0
628,2,18,12,500,89.5368,0.002862759,0.000341822,5,8.55E-05,8.55E-05,0.002456845,69.2281,72.4174,5.5565,25,0.00064092,5,0,0
645,2,21,16,500,101.6526,0.001983008,0.000237961,2,0.000123387,0.000299655,0.002388423,23.1259,72.2214,7.3247,22,0.00097828,8,0,0
651,2,29,4,100,86.5122,0.000697496,6.97E-05,1,3.49E-05,0.000244124,0.003330543,39.6211,67.0995,4.623,12,0.00071493,3,0,0
672,2,23,8,400,114.7236,0.002289592,0.000133699,3,6.68E-05,6.68E-05,0.003008223,31.3296,64.8222,6.3278,24,0.0016712,7,0,0
689,2,22,14,700,34.9278,0.000265273,5.63E-05,2,2.41E-05,0.000136656,0.002411576,86.6622,94.7467,2.6567,33,0.00048232,7,0,3.22E-05
692,2,18,8,400,87.5064,0.001912549,0.000386019,8,0,0.000105278,0.0023863,34.4296,85.0588,6.2647,15,0.0018599,6,0.000105278,0
694,2,18,28,250,73.02,0.002147145,0.000624425,1,0,0.000219096,0.003560317,45.5802,77.5754,3.2615,20,0.00050392,9,0,0
701,2,19,20,120,119.073,0.001220778,0.000365272,3,6.73E-05,8.65E-05,0.004402492,32.779,49.6419,4.8843,22,0.00095163,9,0.000336435,0.0005383
735,2,18,20,500,96.3384,0.001711994,0.000134514,4,2.45E-05,0.000904911,0.002665819,42.8571,75.945,6.1009,23,0.0013207,7,0,0
754,2,20,10,50,43.3884,0.000340515,0.000216691,4,0,0.000216691,0.001965701,26.381,73.8898,4.1339,12,0.00065007,7,0,0.00010835
758,2,23,12,100,45.3894,0.000484663,7.54E-05,4,0.000107703,0.000150784,0.003188006,73.1797,81.527,2.5608,23,0.000797,6,0,0
776,2,21,18,200,77.3832,0.000974013,0.00022796,4,0,0.000373026,0.0035023,52.9258,63.7988,3.8047,18,0.0010984,6,0,0
793,2,21,10,150,73.6266,0.00063484,0.000330117,3,0,0.000203149,0.002564754,48.7562,78.1386,5.5149,21,0.0010665,5,0,0
816,2,16,6,450,97.482,0.004954628,0.000689655,2,0,0.000254084,0.003511797,34.5803,69.5297,3.9225,19,0.00049909,6,0,0.00015426
819,2,18,24,300,65.8302,0.000974703,0.000158673,0,0,0.000294678,0.002108079,64.2609,71.5269,5.3978,11,0.00086137,6,0,0
883,2,17,16,400,79.2378,0.00057919,0.000100729,3,0,0.001116409,0.002753249,56.6483,77.4146,5.3537,25,0.001385,7,0,0
891,2,18,8,220,89.8518,0.000667111,0.000389148,5,1.85E-05,7.41E-05,0.00318731,30.9006,72,5.25,12,0.0012045,4,0,0
900,2,22,30,700,82.9572,0.003750647,0.000193999,1,0,0.000226332,0.000678996,45.8,93.7143,17.7619,6,0.00071133,4,0,0
901,2,22,12,60,105.9774,0.001119889,0.000142531,3,2.04E-05,0.00024434,0.002667373,36.6462,61.4656,7.0458,18,0.00038687,5,0,0
979,2,16,10,10,32.673,0.001262814,0.000111425,0,1.86E-05,5.57E-05,0.001244243,95.8788,119.1642,4.1493,10,0.00085426,3,0,0
1029,2,21,8,100,84.2382,0.001480951,0.00014314,5,3.85E-05,0.000556045,0.003281216,76.242,70.7584,4.4614,29,0.00046796,7,0.000429421,0.0011671
1030,2,25,12,400,105.8694,0.006525778,0.000441245,5,0,4.64E-05,0.003390618,31.8621,69.8904,4.0068,12,0.00076637,6,0,0.00016256
1031,2,25,10,1000,51.0624,0.000584711,2.40E-05,0,0.000128156,0,0.002739331,58.6041,89.3918,3.3509,21,0.00060073,6,0,9.61E-05
1033,2,19,8,300,66.093,0.00088513,0.000442565,3,0,0.000221283,0.001548977,31.0323,102.0317,7.6032,11,0.00051633,5,0,4.92E-05
1071,2,22,8,35,68.9142,0.001118702,0.000129849,4,9.99E-06,0.000299652,0.003346119,46.0719,73.8866,3.6179,27,0.00076911,8,0,0.00012985
1083,2,23,10,600,50.6784,0.000956539,0.000196213,4,4.91E-05,0.000416953,0.001929429,64.9362,121.339,4.7542,21,0.0004333,6,0,0
1093,2,18,20,450,84.024,0.000300508,9.02E-05,5,2.25E-05,0.000458275,0.002982541,42.9899,71.3854,5.0579,22,0.00034558,6,0,0
1127,2,19,6,75,57.7854,0.00023178,5.15E-05,3,0,0.000103013,0.002317796,51.1061,81.6889,4.7389,16,0.00096575,7,5.15E-05,5.15E-05
1156,2,16,42,650,76.1514,0.000196464,3.93E-05,2,0,0.000589391,0.002671906,48.9778,62.9706,5.3676,18,0.0005501,5,0,3.93E-05
1159,2,23,2,100,57.9072,0.000680059,0.000392342,4,0.000104624,0.000235405,0.002694078,50.0392,86.0194,3.9029,13,0.00047081,3,0,0
1178,2,27,8,200,94.0176,0.001580426,0.000156092,3,0.00027316,9.76E-05,0.004565676,48.515,56.547,3.4103,18,0.00078046,3,0,0
1212,2,35,8,500,54.0468,0.001328374,0.00010627,2,0.000265675,0.00031881,0.001576337,40.9545,128.809,6.1685,13,0.00083245,5,0,0
1230,2,17,16,250,50.0004,0.000318291,0.000176828,2,0,0.000106097,0.001980478,99.7818,115,4.5893,12,0.00038902,2,0,0
1233,2,17,20,200,68.1786,0.000630858,9.01E-05,4,5.15E-05,6.44E-05,0.002497683,50.0933,79.6495,4.8763,22,0.00034762,3,0,0
1275,2,18,8,90,122.1162,0.00288722,0.00040881,8,5.11E-05,0.000242731,0.00351321,30.9343,54.4582,5.7855,20,0.0023379,7,0.000102203,0
1301,2,32,6,150,49.3854,0.002289466,0.00033918,5,0,8.48E-05,0.00247117,63.6059,92.8039,2.9118,15,0.00092063,6,0,0
1312,2,24,6,300,71.9574,4.95E-05,7.43E-05,4,0.0001485,0.000532126,0.003081378,46.8871,72.7068,4.4498,22,0.00053213,6,0,2.48E-05
1314,2,30,4,500,59.1138,0.001185958,0.000142315,3,1.19E-05,0.000177894,0.002360057,72.3838,87.9196,4.2362,16,0.0006167,6,0,0
1335,2,23,6,75,49.9362,0.001102523,0.000177826,0,4.74E-05,0,0.001387045,46.6552,118.3932,6.2735,13,0.00069945,6,0,0
1365,2,19,24,450,58.6338,0.001476029,0.000196804,0,0,0.000314886,0.002046761,47.8447,92.8846,4.9135,19,0.00074785,7,0,0
1369,2,16,28,200,46.1016,0.000148129,2.12E-05,1,0,4.23E-05,0.002264263,75.3585,104.2243,3.8131,14,0.00042323,4,0,0
1380,2,21,10,400,68.6868,6.10E-05,0.00024417,3,3.05E-05,0.000488341,0.001495544,6.6667,61.0612,8.7347,10,0.00073251,3,0,0
1389,2,16,10,100,39.3804,0.000316616,9.50E-05,1,0,0.000348278,0.001804711,101.0714,95.6491,4.0526,19,0.0012665,3,0,0
1392,2,40,14,500,51.8358,0.000310853,0.000148025,4,4.44E-05,8.88E-05,0.001968737,68.2424,97.2932,4.9398,31,0.00078453,3,0,0
1433,2,18,8,26,94.5504,0.00114288,0.000110278,2,3.01E-05,0.000681718,0.002636644,40.5191,71.9087,6.7871,25,0.0010025,6,0.00019048,0.0014737
1478,2,17,12,500,88.986,0.001386788,0.000126072,3,0,0.000798454,0.002332325,46.0727,93.3333,6.7568,17,0.0013658,5,0,0
1495,2,22,4,350,84.2604,0.000456417,0.000152139,4,8.95E-06,0.000572758,0.003239664,23.4017,70.4199,4.9088,21,0.00087704,9,5.37E-05,0.00012529
1582,2,24,6,235,90.0018,0.005674506,0.000614251,5,0,0.00014625,0.004109629,67.0143,59.331,2.79,29,0.00077513,6,0,0
1611,2,20,10,75,127.8924,0.002239461,0.000424473,6,1.46E-05,0.000124415,0.003527518,31.1185,57.7344,6.2822,29,0.00101,7,0,0
1713,2,16,10,150,77.9862,0.002277286,8.36E-05,3,0,0.000188033,0.002590674,43.3496,79.8387,4.879,15,0.0013162,6,0,2.09E-05
1714,2,24,16,500,64.8324,0.000344786,5.07E-05,0,5.07E-05,0.000283941,0.002778567,31.2234,61.4453,4.4197,12,0.00052732,7,0,2.03E-05
1774,2,18,12,700,133.2816,0.003082578,0.000489063,6,0,0,0.003942142,36.2868,52.3308,5.5489,26,0.0020155,7,0.000207481,2.96E-05
1809,2,28,2,120,66.9018,0.001042517,0.000283293,2,0.000124649,0.000407941,0.002073701,98.1099,107.6066,5.5683,14,0.0011672,5,0,1.13E-05
1814,2,34,8,400,35.3136,0.001163609,6.77E-05,6,0.00018266,3.38E-05,0.002394869,84.4306,107.1638,2.3955,20,0.00035855,9,4.06E-05,2.03E-05
1820,2,16,12,120,64.3296,0.000771629,5.40E-05,3,0,1.54E-05,0.003649804,56.4322,66.4609,3.0021,29,0.0003318,6,3.86E-05,1.54E-05
1862,2,20,4,50,94.2618,0.000481232,5.77E-05,1,4.81E-05,0.000952839,0.002425409,21.9283,71.746,7.4087,25,0.00048123,7,0,0
1876,2,20,20,220,74.5098,0.000809002,7.35E-05,2,5.52E-05,0.000239023,0.002169596,34.9402,86.9492,6.178,13,0.0011767,5,0,0
1890,2,29,6,200,96.3924,0.001684253,0.000162338,2,4.06E-05,0.000446429,0.003449675,33.0888,67.8353,4.9353,16,0.00083198,5,0,0
1913,2,21,6,848,75.5562,0.001473523,0.000162436,5,0.000266859,0.000382884,0.003318327,68.9263,69.9021,3.8531,23,0.00067295,8,0,0
1966,2,21,18,500,46.4196,0.001279474,0.000228477,6,2.28E-05,0,0.002216231,69.125,91.134,3.4227,11,0.00093676,5,0,2.28E-05
1982,2,25,8,30,57.2274,0.000888201,7.16E-05,3,0,0.000472752,0.001948312,94.4889,92.1765,5.1838,17,0.00090253,6,0,0
2012,2,21,4,180,64.2906,0.000447793,9.88E-05,5,5.93E-05,0.000625593,0.003450637,55.7017,71.2443,3.4733,27,0.00045438,12,0.000493889,0.00032926
2068,2,16,14,100,79.5906,1.90E-05,1.90E-05,1,0,0.001062377,0.002959478,51.3806,82.2051,5.0577,16,0.00079678,5,0,0
2138,2,19,12,730,64.1664,0.001023737,0.000485841,3,3.47E-05,3.47E-05,0.003244725,47.3118,67.016,3.5401,15,0.00072876,6,0,5.21E-05
2153,2,18,6,180,74.733,0.0008881,0.000111012,3,0.000111012,0.000111012,0.002442274,52.5138,77.6,5.4273,15,0.0024423,5,0,0
2191,2,24,16,100,79.9734,0.001241549,0.000291689,7,7.48E-06,0.000142105,0.002296117,67.5686,88.3518,6.4267,30,0.0010247,8,0,0
2212,2,17,70,1000,87.9894,0.001528706,0.000198166,4,1.42E-05,0.000495414,0.002887555,31.9606,66.6471,5.1422,16,0.0010474,6,0,0
2221,2,23,6,600,54.366,0.000651734,0.000145783,0,0,3.43E-05,0.002195314,63.8902,90.5156,4.625,23,0.00067746,6,0,0.00019724
2228,2,22,10,80,51.1098,0.001030177,9.45E-05,5,1.35E-05,0.000310403,0.002442733,80.1993,93.5912,3.5746,35,0.00034189,6,0,0
2229,2,19,12,600,60.426,0.000118911,3.96E-05,3,0,4.95E-05,0.002269214,104.5965,91.8952,4.9825,27,0.00035673,6,0,0
2237,2,30,8,600,72.9954,0.001126301,0.00038838,5,0,0.000491948,0.003521309,46.0221,66.4706,3.625,27,0.00094506,7,0,0.00027187
2253,2,27,8,50,84.489,0.004560018,0.000266996,3,2.11E-05,0.000393468,0.003323403,76.7712,73.5307,3.7949,29,0.00063236,8,0,0
2284,2,19,30,200,56.8998,0.001930633,0.000169354,4,0,0.000541932,0.002032245,74.9153,110.9333,4.5333,16,0.00050806,3,0,0
2314,2,16,14,730,92.43,0.000887372,0.000273038,0,3.41E-05,0.000432309,0.002172924,35.3474,69.822,7.5707,20,0.001752,6,0,0
2442,2,18,2,200,78.2244,0.001938105,0.000217068,6,0,0.000558174,0.002325726,48.5638,86.24,5.5733,22,0.0018916,6,0,0
2449,2,20,16,450,56.5518,0.000305499,0.00015275,2,0,0.000101833,0.001756619,24.5882,78.6087,5.8986,5,0.00073829,2,0,0
2475,2,17,14,243,52.3722,0.00055417,0.000207814,2,3.46E-05,8.66E-05,0.002736215,75.9236,77.2152,3.3797,16,0.00067539,4,0,5.20E-05
2557,2,21,14,250,82.374,0.001487349,0.000421117,7,0,0.000134399,0.00264318,34.0136,75.1186,5.4136,17,0.00059136,7,0,8.06E-05
2575,2,16,20,100,30.9402,0.000728032,0.000126614,1,0,0.000221575,0.002089137,73.5385,141.3939,2.5303,9,0.00063307,3,0,0
2618,2,22,20,700,94.0836,0.000845219,0.000211305,3,0,0.00042261,0.003486529,22.9313,59.7576,6.8636,17,0.00068674,2,0,0
2625,2,17,16,650,80.6232,0.000761252,0.000292789,4,6.69E-05,0.000276058,0.002626736,38.5815,66.9936,5.7962,26,0.00059394,9,0.000342981,0.00032625
2639,2,23,4,800,63.7386,0.000483108,5.00E-05,1,0,0.000499767,0.001849137,53.6364,89.2613,6.4595,13,0.0011994,7,0,0
2657,2,22,12,100,67.8552,0.00059969,0.000176379,3,8.82E-05,0.000458586,0.002575138,34.069,76.3014,4.7466,16,0.00074079,5,0,0
2661,2,16,42,900,65.6202,0.001309497,0.000355842,3,0,0.000412776,0.00334491,59.1282,71.5234,3.3957,21,0.00092519,6,0,7.12E-05
2662,2,43,10,730,86.0586,0.005424088,0.000327968,5,2.52E-05,0.00045411,0.002510218,50.0606,79.9598,4.3568,20,0.00063071,7,0,6.31E-05
2722,2,18,20,180,91.8954,0.00102373,7.87E-05,0,2.62E-05,0.00049874,0.002939941,36.0721,58.4643,5.4554,14,0.00094498,5,0,0
2727,2,20,12,400,103.2642,0.000851666,7.22E-05,1,5.77E-05,0.000765056,0.002988048,39.3204,66.8599,6.2609,22,0.0014002,6,0,0
2729,2,24,10,60,71.7522,0.001606426,0.00021625,7,0,0.000262589,0.002270621,46.0274,87.9184,5.3537,28,0.0019771,5,0,0
2740,2,17,8,40,37.3692,0.000464329,0.000191194,2,2.73E-05,0.000136567,0.001775374,84.8125,116.3692,3.7692,12,0.00057358,3,0,0
2791,2,34,8,600,73.743,0.001153937,0.000169048,9,0,0.000492444,0.002410772,62.6667,86.1951,5.75,27,0.00074969,13,2.94E-05,7.35E-06
2865,2,17,6,800,71.4978,0.00162754,0.000283587,6,0.000443875,0.000382225,0.00244131,61.6244,89.2727,4.9091,16,0.00078911,7,0,0
2970,2,26,20,650,88.5954,0.000153546,2.79E-05,4,0.000348967,0.000404802,0.002172902,61.7339,71.0921,7.6595,33,0.00026521,7,0,0
2974,2,16,24,900,82.5966,0.002204056,0.000413907,1,3.10E-05,0.000434603,0.002690397,56.6486,75.9385,5.1231,24,0.00056912,6,0,3.10E-05
2978,2,19,4,24,70.1142,0.000573248,6.37E-05,2,0,0,0.002462845,63.0957,73.5517,5.2328,16,0.00080679,5,0,8.49E-05
2984,2,22,42,150,94.0596,0.002269377,0.000245688,6,7.11E-05,0.000452582,0.00300644,64.4569,75.3892,5.1957,35,0.00099568,9,0.000148706,0.00017457
2989,2,16,20,100,53.5938,0.001769937,0.000204786,2,2.93E-05,1.46E-05,0.002706103,65.0217,84.3459,3.1405,11,0.00083377,4,0,0
2995,2,22,8,12,39.2142,0.000676108,8.72E-05,6,1.45E-05,0.000348959,0.001991974,89.5385,108.4526,3.4015,36,0.00048709,7,0,0
3012,2,18,28,690,94.2102,0.00197533,0.00056844,3,0,0.000270009,0.002359027,62.9333,72.1205,6.8072,17,0.00092372,6,0,0
3027,2,16,72,144,74.52,0.001472848,0.000166496,5,0,0.000102459,0.002574283,56.44,80.0995,4.9502,13,0.00062756,6,0,3.84E-05
3037,2,37,30,125,49.896,0.000252797,1.65E-05,1,0,5.50E-06,0.002286167,67.6916,111.0192,4.149,27,0.0002473,6,3.30E-05,1.65E-05
3092,2,31,12,450,47.6664,0.001695374,0.000228823,6,3.12E-05,0.00019762,0.001903395,53.033,112.3497,3.9727,18,0.00053045,9,0,0
3114,2,19,28,200,46.8024,0.001016352,0.000158099,3,0,6.78E-05,0.002665101,75.1111,89.2542,2.9492,9,0.00042913,5,0,0
3139,2,25,12,850,42.8712,0.000449708,0.000149903,2,0,0,0.002510868,82.6165,105.2537,3.1567,15,0.00056213,4,0,7.50E-05
3147,2,16,16,300,74.5758,0.001036648,0.000286312,6,0,8.89E-05,0.004116973,45.8846,64.9017,3.3046,15,0.00052326,7,0,0
3173,2,30,6,80,40.5048,0.000956429,0.000460503,7,1.77E-05,8.86E-05,0.00246192,78.8116,107.4245,2.7554,13,0.00081474,6,0,3.54E-05
3180,2,26,16,100,70.9566,0.001965626,0.000430488,6,0.000105592,0.000438611,0.003224601,41.1212,66.0252,3.5164,29,0.00055232,8,0,0.00022743
3222,2,26,8,500,86.6322,0.000692938,0.000105447,2,0.00019583,0.000391661,0.002455411,42.2469,77.4233,6.2025,18,0.0013106,5,0,0
3243,2,32,28,110,58.8558,0.001363636,0.000307487,1,1.34E-05,1.34E-05,0.002406417,50.1229,88.0222,4.0389,15,0.00044118,3,0,0
3248,2,20,4,400,73.0272,0.002394216,0.000571169,2,2.35E-05,0.000289497,0.003810403,59.7531,66.9487,3.2094,25,0.0004851,8,0,0
3267,2,24,8,150,67.4424,0.001541184,0.000185513,7,2.85E-05,0.000371026,0.002368857,57.5515,99.6386,4.7892,18,0.00091329,6,0,0
3283,2,29,8,300,92.841,0.002517734,0.00045976,3,1.09E-05,0.000175147,0.003065067,37.9498,65.2571,5.7214,21,0.0013027,6,0.000175147,0.00058017
3341,2,27,8,200,78.831,1.06E-05,7.40E-05,2,0,7.40E-05,0.002938938,48.5921,82.0719,5.1871,29,0.00085631,7,0,0
3352,2,30,6,500,69.9852,0.001004133,6.64E-05,4,5.39E-05,0.000556007,0.00264311,82.3711,75.9309,4.5856,29,0.0002946,8,0,5.81E-05
3360,2,41,8,250,54.2406,0.002683339,0.000381388,2,0,4.09E-05,0.002615234,68.0628,99.8333,2.9323,13,0.00044949,4,0,0
3408,2,18,8,250,71.3928,0.000481245,4.01E-05,3,0,0.000106943,0.00207871,82.4774,90.3023,6.2701,25,0.00042777,3,0,0
3439,2,16,10,150,63.261,0.003416301,0.000352476,5,0,4.07E-05,0.002874031,72.2844,95.8491,3.0708,19,0.00073206,5,0,0
3452,2,24,20,750,50.9088,0.000814775,0.000237643,3,0,0.000509234,0.001799294,52.4615,77.9623,5.0377,11,0.00091662,4,0,3.39E-05
3527,2,17,2,70,47.4726,0.000148177,4.94E-05,2,0,0.000740887,0.002247358,60.4889,111.0769,4.044,12,0.00044453,4,0,0
3572,2,16,12,500,49.4712,0.00018801,0.000134293,1,0,5.37E-05,0.002497851,34.087,69.0753,3.6667,9,0.00080576,3,0,0
3612,2,19,8,150,38.8008,1.81E-05,9.07E-05,3,0,0,0.002647614,86.2345,81.1507,2.8767,18,0.00090672,6,0,0.00010881
3655,2,24,20,1148,80.0532,0.000921301,0.000204733,2,0.000235444,4.09E-05,0.002927688,61.1228,76.2517,4.9231,27,0.0010851,6,6.14E-05,2.05E-05
3678,2,19,20,600,98.4516,0.002010198,9.81E-05,1,0,9.81E-05,0.003052069,39.3387,66.1365,5.5221,24,0.0013115,6,0,0
3683,2,16,4,120,88.0692,0.00093664,0.000118562,1,1.19E-05,0.000331974,0.003296026,26.8303,63.8417,4.8597,21,0.00072323,7,0,0
3717,2,22,6,100,73.5396,0.000153669,1.92E-05,1,5.76E-05,0.000249712,0.002669996,62.8406,65.036,5.1583,15,0.00071072,6,0,9.60E-05
3720,2,18,14,230,64.9608,0,0,0,0,0.000110239,0.002623688,32.7797,68.437,4.7479,14,0.00063939,4,0,0
3721,2,17,24,75,72.2862,0.001426364,0.000118864,0,2.97E-05,0.000178296,0.001515512,77.52,107.5294,8,19,0.00065375,5,0,0
3723,2,21,10,730,66.3108,0.002580317,0.000327082,1,0,0.000963076,0.002616659,57.5385,79.5833,3.9097,15,0.00074502,5,0,0
3738,2,19,6,40,58.515,0.000835282,8.35E-05,2,0.000111371,5.57E-05,0.001781936,88.9524,121.5,5.6875,11,0.00041764,2,0,0
3740,2,26,6,40,64.0362,0.000485284,0.000169285,4,7.90E-05,0.000428855,0.001895991,34.5389,94.0714,6.4643,21,0.000948,9,1.13E-05,4.51E-05
3759,2,19,8,230,56.637,0.001045461,0.000326004,1,0,3.37E-05,0.003035208,47.3309,81.4074,3.3,17,0.00080939,8,5.62E-05,4.50E-05
3826,2,24,12,600,60.9768,0.00185825,0.000235553,0,0,0.000287898,0.00175356,60.9697,127.2239,5.5373,11,0.00047111,3,0,0
3840,2,23,10,800,62.4576,0.002544438,0.000215023,0,0,0.000215023,0.001505161,77.0732,102.4762,5.7381,10,0.00086009,5,0,0
3897,2,19,10,250,48.7956,0.00098646,0.000270793,1,3.87E-05,0.000193424,0.00098646,82.64,139.5294,8.3922,9,0.00090909,5,0,0
3983,2,34,14,270,37.4478,0.000682329,0.000129556,2,7.77E-05,0.000224564,0.001908793,61.8182,121.0498,3.5023,20,0.00040594,9,0,6.05E-05
3988,2,21,20,400,63.465,0.00082773,0.000196266,1,1.71E-05,0.000162133,0.002073591,56.6777,91.9835,6.428,24,0.0007168,9,0,8.53E-06
4012,2,18,28,310,79.4268,0.003301765,0.000241593,3,0,0.00020938,0.003092385,66.0314,66.6875,3.6823,29,0.00082141,7,4.83E-05,4.83E-05
4029,2,20,8,150,91.5666,2.40E-05,4.80E-05,2,4.80E-05,0.000407576,0.002493407,32.4251,82.2885,6.9423,24,0.0017622,7,0,0
4067,2,31,4,40,82.5078,0.002401218,0.000302593,10,7.81E-05,0.001444635,0.002245041,53.3799,86.3304,5.9348,28,0.00096634,9,0,0
4080,2,17,20,300,75.1008,0.000467424,0.000143823,3,0,0.000431468,0.002337121,19.75,63.6308,5.4,8,0.00082698,3,0,0
4098,2,27,2,10,122.805,0.00100222,4.63E-05,3,0.000339213,0.000354632,0.002451585,17.8481,68.8805,9.0755,16,0.0008172,5,0,0
4110,2,23,20,100,45.8268,0.000212287,4.61E-05,0,8.31E-05,0.000276896,0.002353614,54.9921,98.5098,3.7333,22,0.00083992,6,8.31E-05,0.00011076
4116,2,26,12,200,114.6144,0.001604769,0.000267461,6,0,0.000433033,0.002725559,27.3803,63.3084,7.5374,18,0.00082786,5,0,0
4121,2,23,20,75,59.9622,0.000943977,0.00020278,6,0.000251727,6.29E-05,0.002328476,38.9518,92.8649,4.7177,21,0.00070623,6,0,0
4127,2,22,12,300,45.9942,0.000461368,0.000153789,3,0,3.08E-05,0.001184178,45.2632,100.8831,7.1558,11,0.00039985,5,0,0
4130,2,16,20,85,89.1858,0.003983716,0.000232626,0,0,5.82E-05,0.002791509,41.3403,77.0625,4.7135,16,0.00077057,5,0,0
4150,2,19,10,100,94.032,0.004095767,0.00033399,6,3.52E-05,0.00010547,0.002214878,41.024,74.0317,6.2619,14,0.0013184,6,0,0
4151,2,20,8,80,71.025,0.001302018,7.51E-05,3,0.000137714,0.000187791,0.002128299,60.0473,77.3647,5.9176,29,0.0010892,8,0,0
4173,2,16,4,400,107.3424,0.00102441,0.000234151,0,1.46E-05,4.39E-05,0.003292747,52.9464,57.9911,5.7956,16,0.00087807,4,0,7.32E-05
4183,2,18,10,80,46.5432,0.001288303,0.000510134,3,0,0.000138341,0.002939752,90.3127,79.5176,2.6088,27,0.00045826,6,0,0.00014699
4198,2,21,10,100,61.6782,0.000977708,0.000195542,3,1.96E-05,0.000527963,0.001798983,92.3516,97.3913,6.1087,14,0.001095,5,0,0
4227,2,18,8,400,119.2446,0.002190883,0.000122739,5,0.000325257,0.002031323,0.00329553,34.9925,67.4637,6.3408,23,0.00062597,7,6.14E-05,0.00015956
4258,2,20,28,80,77.5758,0.001094819,0.000615836,4,2.93E-05,0.000469208,0.003626589,47.5135,58.1671,3.8086,19,0.00053763,9,0.000224829,9.78E-05
4259,2,19,14,100,79.641,0.001365099,0.000373606,4,0,0.000114956,0.003017588,46.4115,58.8952,4.5476,19,0.00083343,5,0,0.00012933
4262,2,24,36,400,47.2302,0.000994361,0.000352432,4,3.78E-05,0.000113282,0.002920149,78.2338,88.5517,2.6983,16,0.00050347,7,0,0
4273,2,16,14,200,36.24774,7.71E-05,2.20E-05,1,0,9.92E-05,0.002269822,78.8683,103.9029,2.9272,15,0.00016528,5,0,1.10E-05
4290,2,22,48,1500,124.9362,0.005862487,0.000302683,6,0.000318613,0.000971771,0.003679985,37.7739,56.1905,4.9784,23,0.001147,8,0,0
4295,2,19,10,100,41.6328,0.000258279,4.30E-05,3,0,0.000143489,0.001922746,42.3759,103.7612,4.0896,18,0.00028698,6,0,8.61E-05
4320,2,16,10,10,44.97,0.001562361,0.000133917,4,0,0,0.001740916,156.6234,110.6154,3.8462,18,0.00064726,5,0,0
4363,2,29,6,250,151.647,0.011405672,0.000336285,7,1.40E-05,0.00022419,0.002844412,30.7723,76.6305,6.069,22,0.00096682,4,0,0
4386,2,29,6,100,68.2098,0.001034959,0.000143744,5,1.44E-05,2.87E-05,0.002716766,53.0638,72.4868,4.3386,12,0.00077622,6,0,0.00020124
4391,2,20,6,350,90.081,0.001066033,0.000243665,3,6.09E-05,0.000517788,0.002314815,67.4667,64.2105,6.8684,18,0.00091374,5,0,0
4396,2,21,10,60,51.0048,0.00109892,0.000294199,3,0,6.92E-05,0.00255261,65.4422,95.3492,3.4407,17,0.00057975,6,0,0.00024228
4421,2,21,10,220,70.3086,0.002049119,0.000165738,5,9.79E-05,6.78E-05,0.002561398,79.1386,70.0941,4.3853,23,0.00065542,9,0,0
4427,2,25,2,200,56.4816,0,3.60E-05,2,0,3.60E-05,0.003320069,41.4058,77.6462,3.2166,20,0.00046745,6,0,0
4435,2,23,2,50,24.6648,0.000800666,9.61E-05,3,6.41E-05,9.61E-05,0.001377146,150.2857,176.3721,2.9767,12,0.00064053,3,0,0
4448,2,16,10,200,34.7382,0.000540691,0.000153116,5,0.00017704,0.000234459,0.001665136,99.562,140.1149,3.6638,25,0.00024881,9,0,1.44E-05
4480,2,16,10,100,58.08,0.000649169,0.000109859,5,3.99E-05,0.000399489,0.001977469,40.934,94.1818,5.1515,16,0.00065916,8,0,4.99E-05
4499,2,25,24,120,69.8448,0.00206632,0.00023509,4,1.24E-05,8.66E-05,0.002425142,49.3949,83.2653,4.7551,20,0.00085375,6,0,0
4504,2,20,10,100,57.9918,0,1.57E-05,1,0,3.13E-05,0.002225845,71.0355,89.4366,4.9507,10,0.0004389,5,0,0
4511,2,19,28,450,50.9904,0.00014795,6.09E-05,6,0,0.000243682,0.002497737,57.9441,87.0941,3.9652,22,0.00056569,8,0,4.35E-05
4546,2,16,14,150,67.5534,0.001587417,0.000536387,6,1.45E-05,0.000108727,0.003312554,70.1754,79.4048,3.337,23,0.00065236,9,0.000130473,5.07E-05
4570,2,18,28,270,57.201,0.001434034,0.000273149,1,0,2.28E-05,0.002754257,81.6266,90.0496,3.4132,17,0.00047801,5,0,0
4572,2,32,4,100,37.2786,0.001599618,0.000239023,5,3.68E-05,0.000147091,0.001709936,78.3043,130.3226,3.3118,15,0.0006803,6,0,0
4587,2,25,8,300,69.9618,0.000555603,7.12E-05,0,7.12E-06,0.000156709,0.00217255,74.0263,101.6131,6.1934,25,0.00037753,6,0,0
4667,2,18,20,150,97.8126,0.000568284,0.000149548,5,0,0,0.0032452,34.1667,69.659,5.4885,18,0.00071783,5,0,0
4701,2,23,8,500,62.988,0.001341331,0.000226067,5,0.000286352,0.000120569,0.003044369,68.4577,79.8218,3.1931,20,0.00085905,6,0,0
4725,2,22,14,1260,49.1904,0.001101367,0.000418111,5,0,4.08E-05,0.003049154,51.7047,79.2375,2.786,22,0.00040791,6,0,7.14E-05
4785,2,24,2,20,45.4902,0.001940436,0.000572728,5,2.56E-05,0.000128223,0.002701224,82.5651,95.2152,2.5222,19,0.0007266,6,0,8.55E-06
4789,2,18,12,350,54.8214,0.00019396,2.77E-05,2,0.000103907,0.000339429,0.002888612,58.2981,75.6163,3.4221,25,0.00035328,12,0,4.16E-05
4819,2,26,30,150,134.1606,0.013990836,0.000444154,1,0,2.34E-05,0.003237646,70.971,72.0722,3.5632,27,0.00085324,6,0,0
4864,2,25,10,120,47.9364,0.000335836,9.88E-05,3,3.95E-05,0.000355591,0.001817464,50.5055,75.8261,4.9674,14,0.00082971,5,0,0
4901,2,19,24,500,83.487,0.000197006,3.28E-05,0,0,6.57E-05,0.00154321,53.1304,61.7872,9.5957,14,0.00078802,4,0,0
4911,2,27,8,95,90.5532,0.001695917,0.000328242,2,2.19E-05,0.000218828,0.002538404,39.4805,73.569,6.3534,23,0.0011707,6,0,0
4947,2,29,20,800,61.0368,0.00040895,0.000117833,4,2.08E-05,0.000478263,0.002509149,62.3158,83.0497,4.5939,26,0.00049213,7,0,4.16E-05
4954,2,24,16,730,60.279,0.000271501,3.13E-05,2,3.13E-05,0.000281943,0.002297314,64.7306,89.0364,4.9591,15,0.00046991,6,2.09E-05,9.40E-05
4984,2,27,8,610,76.8552,0.001819355,0.000270968,7,2.58E-05,6.45E-05,0.003019355,59.073,81.6239,4.1923,27,0.00095484,7,0,0
4985,2,20,30,450,132.7158,0.005698337,8.72E-05,2,0,0.000319805,0.002703803,35.913,71.5699,7.129,12,0.00069776,4,0,0
4998,2,22,2,300,66.0912,0.00141346,0.000284972,3,3.42E-05,0.000319168,0.002553347,42.3318,86.9107,4.3884,24,0.00063834,6,0,0
5059,2,19,28,730,73.6314,0.000797688,0.000157958,4,0,2.37E-05,0.002614204,72.5697,82.719,5.4592,26,0.00063973,6,0.000118468,0.00051336
5070,2,26,4,300,80.6976,0.00068579,0.000117564,4,0,0.000176346,0.002331687,43.7288,80.3697,6.2101,13,0.0010777,5,0,0
5084,2,17,20,25,118.2024,0.002021316,0.000336886,3,0,0.000949406,0.003613868,35.5897,49.7288,5.5678,17,0.00055127,3,0,0
5093,2,17,28,600,108.0102,0.005367863,0.000306735,2,2.19E-05,0.000996889,0.0024977,76.793,74.2456,6.2588,21,0.00073397,9,0,0
5153,2,21,20,600,83.4846,0.00485062,0.000508609,2,9.42E-06,0.000207211,0.002505369,29.4491,77.8797,4.5263,22,0.00064989,10,0.000113024,0.00032024
5188,2,27,8,300,53.7174,0.001570296,0.000396243,1,0,7.34E-05,0.002729674,68.1514,91.0753,3.1613,16,0.00055768,5,0,0
5312,2,22,8,700,81.3036,0.00269118,0.000479616,6,1.33E-05,0.000319744,0.003557154,51.7744,66.397,3.5768,20,0.00053291,6,0,0.000413
5424,2,23,8,300,61.4772,0.002674112,0.000334264,1,2.95E-05,0.000117976,0.002310354,71.641,105.9574,4.1277,32,0.00088482,5,0,0
5434,2,22,6,740,49.7832,0.001134091,0.000341447,6,0.000207307,0.000195112,0.002914492,55.1092,86.9289,2.9791,17,0.00060973,6,0,0
5435,2,19,6,150,56.1102,0.000729681,0.000252582,3,0,0,0.002076785,30.1918,74.2162,5.2838,11,0.0010945,3,0,0.00061742
5442,2,19,4,250,80.5524,0.000516393,0.000122057,5,9.39E-06,0.000206557,0.002873024,45.2852,70.8889,5.1634,19,0.00052578,6,0,0
5527,2,22,12,250,99.5784,0.001066098,0.000237968,3,9.52E-06,3.81E-05,0.003655193,31.3003,58.5833,4.763,18,0.00046642,5,9.52E-05,0.00014278
5614,2,16,12,240,113.6718,0.003811013,0.000317584,1,0,0.000256511,0.003078126,38.7888,56.8571,5.746,22,0.0013558,6,0,0
5622,2,18,8,30,85.9248,0.00093985,5.08E-05,0,2.54E-05,0.000254013,0.002057509,51.8,65.2346,7.4321,11,0.0023369,5,0,0
5625,2,29,2,150,85.6284,0.001722537,0.000305414,5,0.00021379,0.001154466,0.00274873,48.6682,84.1333,5.3689,31,0.00040315,10,1.22E-05,6.11E-06
5654,2,21,20,700,86.6694,0.001243918,0.000146343,4,0,0.000402444,0.002936011,31.8375,61.3209,5.4517,29,0.0010701,7,0.000246954,0.00073172
5668,2,23,6,100,54.915,0.000126382,0.000110585,5,0,0.000173776,0.002590837,36.0245,83.6829,4.0183,20,0.00036335,4,0,0
5674,2,20,12,200,132.3936,0.00542162,0.000311904,9,9.17E-06,0.000330251,0.003834581,42.5036,59.0909,5.1699,34,0.0015137,8,0,0
5693,2,28,24,100,63.8712,0.000153388,6.57E-05,4,0,0.000109563,0.002180296,61.0505,99.0955,5.6432,25,0.0011066,5,0,0
5707,2,28,4,160,73.9896,0.000961768,0.000238314,5,4.26E-05,0.000102135,0.003140639,46.8152,66.7425,4.2276,23,0.00049365,6,0,0
5710,2,24,16,120,78.1602,0.000201023,5.58E-05,4,0,9.49E-05,0.00399254,37.5574,58.7748,3.6769,26,0.00049139,5,0,0
5747,2,18,8,400,62.1354,0.000581945,0.000109115,4,0,0.000127301,0.00323707,70.1017,72.5843,3.5,24,0.0014367,7,9.09E-05,0.00021823
5765,2,21,8,30,71.6754,0.000941136,0.000180622,5,2.85E-05,0.000199635,0.002119933,32.2883,83.7848,6.0987,20,0.00080805,7,0,0
5812,2,22,4,174,48.1782,0.000454835,0.000151612,3,0,0.000197095,0.002425786,42.0313,92.35,3.8,27,0.00033355,9,0,0
5950,2,23,12,500,76.212,0.00206912,0.000461358,10,0,8.39E-05,0.003089699,51.7818,84.3801,4.0995,21,0.00055922,6,0,0.00011184
5963,2,17,6,200,90.774,0.001694869,0.00048228,2,0,0.000137794,0.003238164,32.188,59.234,4.8383,17,0.00079921,7,0,0.00015157
5979,2,16,24,300,80.6448,0.000207168,0.000293488,0,0,0.00025896,0.003297424,46.5895,56.6283,4.5707,18,0.00089773,6,0,0.00022443
6067,2,33,4,100,98.2176,0.001559042,0.000100583,4,2.01E-05,0.000472742,0.002735868,33.3432,77.0294,6.2978,24,0.00089519,6,0,0
6115,2,24,20,1000,80.5332,0.000533191,1.00E-04,3,0.000399893,1.00E-04,0.001599573,37.2766,92.3333,9.1458,10,0.00029992,4,0,0
6143,2,16,10,300,94.0176,0.003115265,0.00049561,2,0,1.77E-05,0.003575474,48.2189,60.8911,4.0545,26,0.0013452,7,8.85E-05,0
6185,2,17,12,170,47.8536,0.000239682,7.99E-05,3,0,0.000251096,0.002351169,57.2293,83.2233,4,17,0.00066198,7,0.000159788,0.00031958
6219,2,19,16,400,79.2078,0.001372899,0.000168602,6,1.20E-05,1.20E-05,0.00332386,52.9018,67.2754,4.0688,21,0.00071054,6,0,0
6236,2,27,6,50,60.8982,0.002205882,0.000409664,6,1.05E-05,7.35E-05,0.003140756,51.5168,74.4883,2.9331,29,0.00059874,4,0,0
6262,2,24,28,500,66.8496,0.00175507,0.000373765,6,0,4.88E-05,0.003185127,37.3128,83.3878,3.301,11,0.00066628,8,6.50E-05,6.50E-05
6268,2,36,4,200,82.3458,0.001288568,0.00015996,6,8.89E-06,0.000462107,0.002550476,59.6503,87.6794,5.9164,26,0.0012797,7,0,0
6288,2,22,12,300,57.5388,0.00191422,0.000460564,0,4.32E-05,8.64E-05,0.001727116,50.8235,106.3667,5.9417,13,0.00060449,6,0,0
6322,2,17,10,500,87.4632,0.001731846,7.37E-05,2,0,0.000221087,0.002444237,49.5152,96.7236,6.0804,20,0.00023337,5,0,0
6344,2,20,6,400,72.5826,0.000545094,0.000123885,0,4.96E-05,9.91E-05,0.002799802,59.6786,68.531,4.6903,9,0.00059465,4,0,0
6359,2,26,6,300,96.2022,0.00295096,0.000321923,3,0,0,0.00217298,61.2,77.4321,6.6173,24,0.0010731,5,0,0
6368,2,30,24,500,102.426,0.000594843,0.000156025,2,1.95E-05,0.000926395,0.002788938,56.7018,72.2937,6.7133,30,0.00093615,8,4.88E-05,6.83E-05
6383,2,17,10,300,70.3926,0.000986091,0.000285447,7,3.89E-05,0.000142724,0.00212788,44.3436,79.9512,5.8415,18,0.0012586,4,0,0
6395,2,25,8,100,70.5,0.000823169,0.000130959,3,9.35E-06,0.000102896,0.00259111,52.8116,81.6606,4.9639,24,0.00070156,8,0,0
6432,2,27,14,350,55.9146,0.000203155,4.78E-05,4,1.20E-05,0.000298757,0.002354207,45.5714,76.4061,4.5533,22,0.0027725,5,0,5.98E-05
6454,2,18,10,500,127.5114,0.010487369,0.000216892,6,0,0.000688951,0.002602705,80.8079,90.3333,5.1422,26,0.00148,6,0,0
6458,2,24,4,500,69.702,0.000592508,0.000124236,3,0,0.000229358,0.003354358,59.1086,66.4957,3.7179,23,0.00031537,6,0,0
6479,2,25,10,150,71.1048,0.000338879,6.16E-05,2,0,0.000400493,0.002125693,32.4118,83.8261,6.2174,12,0.00058534,3,0,0
6483,2,21,4,500,68.3628,2.87E-05,0.000186749,4,2.87E-05,0.000316038,0.001824398,29.3016,84.126,7.2835,24,0.0010199,6,0,0
6501,2,28,12,100,65.1546,0.001671791,0.00038432,4,0,0.000307456,0.003055342,37.6962,83.2956,3.5597,19,0.0005957,6,0,0
6533,2,24,6,200,94.8258,0.001642061,0.000406749,3,9.79E-05,0.000617656,0.00274179,61.9945,77.8901,6.1071,28,0.0010847,6,0.000308828,0.00054986
6565,2,18,12,300,82.3914,0.001882382,0.00059963,5,3.04E-05,3.80E-05,0.00274767,65.6842,81.6133,5.1657,37,0.00057686,7,1.52E-05,8.35E-05
6581,2,26,6,50,62.0004,0.001315165,0.000228327,7,2.74E-05,0.000191795,0.002411135,59.635,104.2879,4.9015,28,0.00093157,6,0,0
6600,2,24,8,300,110.0604,0.002128136,0.000602039,10,0,0.000238015,0.002898186,35.9223,62.1063,6.5362,14,0.00060204,5,0,0
6605,2,25,4,500,50.781,0.000222742,9.74E-05,0,4.18E-05,0.000208821,0.002561533,58.776,68.7609,3.7283,17,0.00072391,7,0,0
6679,2,24,10,150,39.0606,0.001451735,0.000245098,1,1.89E-05,0.00015083,0.002281297,74.4333,108.1653,2.7107,16,0.00081071,5,0,0
6693,2,20,6,180,46.8324,0.001403848,0.000161097,3,4.60E-05,6.90E-05,0.002968793,45.0625,81.0233,2.7364,13,0.00064439,6,0,0
6728,2,18,8,400,105.9618,0.00045509,0.000177596,4,2.22E-05,0.000210896,0.00379612,42.0762,58.269,5.0819,28,0.0019425,6,0.000321893,0.00055499
6732,2,21,4,180,53.937,0.000118524,0.000152387,3,1.69E-05,0.000101592,0.002556722,31.6,77.1391,4.0132,17,0.00040637,4,0,1.69E-05
6783,2,28,28,730,76.584,0.001434797,0.000292273,3,0,0.000106281,0.00090339,63.3939,110.3529,13.7647,9,0.0017271,4,0,0
6801,2,27,12,300,48.9138,0.001072863,0.000308163,6,9.13E-05,0.000102721,0.003047389,61.8496,82.6517,2.764,20,0.0009359,7,0,0
6812,2,23,28,800,83.6118,0.000736324,8.58E-05,4,4.29E-05,0.000171571,0.003817449,52.3977,57.3483,3.7959,24,0.00038603,5,0,0
6826,2,41,4,200,54.2166,0.001458184,0.000291637,1,1.50E-05,0.000186947,0.001757298,37.9316,117.0894,5.3234,22,0.00059823,10,0,2.99E-05
6853,2,18,6,100,64.5576,0.00216467,0.000465521,2,2.33E-05,9.31E-05,0.002451741,70.2603,86.8101,4.4842,32,0.00096208,8,0,6.98E-05
6870,2,34,24,2000,69.3036,0.000339905,0.000203943,4,0,0.000135962,0.003399048,49.697,79.56,3.63,20,0.0010877,4,0,0
6879,2,36,12,300,67.7856,0.000622229,5.19E-05,4,0,5.83E-05,0.00237873,76.2732,104.1744,5.188,22,0.0003176,9,0,0
6909,2,16,24,600,98.2776,0.000775996,0.000290998,4,0,6.47E-05,0.002586653,29.519,60.5,6.775,6,0.000485,5,0,0
6963,2,22,4,150,119.2752,0.001590193,0.000203871,3,0.000502881,0.000516473,0.004186148,32.9251,52.8052,4.9805,23,0.0010465,6,0,0.00010873
6978,2,19,8,100,54.0606,2.85E-05,2.85E-05,1,0,5.70E-05,0.002933136,93.6078,83.068,3.1553,14,0.00054106,5,0,0
7049,2,25,16,800,51.6324,0,1.91E-05,1,0,0.00017194,0.00248357,39.2868,94.9846,3.9769,13,0.00049671,6,0,0
7079,2,30,4,20,41.2764,0.000909327,0.000292284,0,0.000188361,9.09E-05,0.002682515,95.4466,99.3705,2.5981,25,0.00046765,7,0,0
7086,2,18,10,65,71.5944,0.000630949,0.000180271,2,3.61E-05,0.000648976,0.002758148,40.2895,89.4118,4.7451,14,0.0010636,7,0,0.00028843
7234,2,26,14,300,100.0356,0.003014302,0.000532359,3,0.000143881,0.000683434,0.002978332,53.2785,65.6715,5.4179,25,0.00094961,6,0,0.00043164
7245,2,29,4,100,53.6172,0.00084446,6.95E-05,3,8.94E-05,8.94E-05,0.00343745,64.3826,80.2543,2.7543,25,0.00072524,4,0,0.00018876
7255,2,17,36,200,96.0708,0.004526046,0.000128096,3,0,5.98E-05,0.0035269,94.1456,64.3874,4.1913,30,0.00076003,8,0.000196413,0.0010077
7267,2,16,24,1024,142.767,0.005962011,0.000569237,5,0,0.000299599,0.00401462,34.412,52.9403,5.3172,22,0.0011684,7,0,0.00016478
7376,2,25,4,150,119.1336,0.005977659,0.000415436,3,4.62E-05,0.000346197,0.002146418,70.3913,76.043,7.7419,12,0.0010155,5,0,0.0001154
7379,2,18,14,250,110.742,0.00148396,4.72E-05,3,6.75E-06,8.77E-05,0.004660983,26.2203,46.8133,4.33,34,0.00068127,9,0.000182122,0.001086
7481,2,24,24,600,78.1326,0.002719665,0.00015998,6,0,0.000209205,0.003593404,38.268,58.4795,3.3288,25,0.00072606,6,0,0.00015998
7528,2,23,10,500,91.8972,0.001473332,0.000105995,2,1.06E-05,0.000127194,0.003190452,42.7867,69.3688,5.0199,14,0.00067837,7,0,0
7531,2,28,6,200,50.8674,8.96E-05,5.97E-05,0,0,0.000283718,0.002000956,46.1053,98.0896,4.7836,8,0.00038825,7,0,0
7544,2,22,8,150,74.6136,0.000892385,0.000289199,2,1.65E-05,0.000190045,0.003462123,47.0622,61.1647,3.864,32,0.0010081,8,0.000363564,6.61E-05
7591,2,17,4,300,62.4618,0.000895869,0.000131745,4,0,0.000131745,0.002911573,49.9455,80.2534,3.7602,20,0.00057968,4,0,0
7623,2,22,6,400,71.088,0.000298347,0.000238678,8,0,0.000179008,0.002446447,35.8528,75.4878,5.3963,16,0.00019393,7,0,0
7767,2,22,16,300,64.7028,0.001068034,0.000373812,4,4.01E-05,0.00062747,0.002309623,84.2093,85.8266,4.9942,16,0.00062747,8,0,0.0001068
7801,2,19,20,12,57.1536,0.001583891,0.000332285,5,1.11E-05,0.000265828,0.003189934,61.4216,81.3611,3.0174,17,0.00086394,7,0,5.54E-05
7832,2,22,6,500,97.632,0.004599353,0.000179662,6,0.000179662,0.000700683,0.002407474,55.5489,92.7463,5.8358,15,0.0012397,5,0,0
7884,2,17,4,350,92.1114,0.003137587,0.00046699,5,0,4.38E-05,0.002831125,41.7824,62.6598,5.1031,12,0.00070048,7,0,4.38E-05
7887,2,24,36,450,85.9146,0.000992613,0.000300092,10,3.46E-05,0.000265466,0.003462604,84.6823,64.3867,4.3,26,0.0010388,7,0,0
7906,2,24,4,120,74.7108,0.002349159,0.00024728,7,0.000236977,0.000206067,0.003039482,57.1701,71.6068,4.0576,22,0.00069032,9,0.000206067,0.00013394
7909,2,25,4,150,37.5,0.000365961,0.000195179,2,7.32E-05,0.000146384,0.001195472,44.5,102.449,5.7143,8,0.00060993,3,0,0
7934,2,20,20,30,67.2546,0.001365977,0.000166369,6,1.75E-05,6.13E-05,0.003397429,73.6641,71.9588,3.4356,25,0.00065672,8,9.63E-05,0.00016637
7958,2,21,8,415,66.1422,0.000708745,0.000137812,6,0.000157499,0.001373194,0.001781707,39.6343,128.0331,6.6851,39,0.00029531,4,0,0
7962,2,18,14,300,108.2226,0.008214507,0.000602742,4,6.89E-05,6.89E-05,0.002393745,50.029,81.6691,5.0216,10,0.00065441,3,0,0
7967,2,33,8,120,55.1292,0.001648352,0.000497616,1,7.26E-05,0.000352478,0.001886793,53.1271,95.9341,4.8736,25,0.00059092,8,0.000176239,4.15E-05
7968,2,27,10,150,95.8944,0.001370167,0.000382659,0,6.17E-05,0.00118501,0.001962672,45.7975,85.8113,9.5094,21,0.0015059,9,0,0
7974,2,20,10,100,61.0146,1.36E-05,2.71E-05,0,2.71E-05,0.000216837,0.003252561,63.6318,79.1167,3.5583,24,0.00081314,4,0,9.49E-05
8051,2,24,8,600,104.181,0.000969828,0.000251437,7,4.79E-05,0.000742337,0.002681992,45.0045,73.3214,7.1161,23,0.0012332,8,8.38E-05,0
8076,2,26,10,300,108.3924,0.001552916,0.000223232,4,4.85E-05,0.000359112,0.003241711,36.997,63.8084,5.8922,28,0.00090263,8,0,0
8095,2,20,10,600,98.7942,0.000289748,2.63E-05,1,1.32E-05,0.000579496,0.002857971,47.0741,71.447,6.4055,17,0.00080339,6,6.59E-05,5.27E-05
8151,2,22,28,200,87.4368,0.001696046,0.000333648,0,0,5.56E-05,0.002405049,44.5349,76.1156,6.3121,12,0.00055608,5,0,0
8202,2,20,14,600,104.8392,0.000312426,0.000104142,4,0,0.000163652,0.003317663,46.3423,63.7489,5.6323,26,0.0015473,7,0,1.49E-05
8213,2,26,8,450,99.5676,0.001334878,0.0001847,5,1.68E-05,3.36E-05,0.003022366,47.688,82.7333,5.9417,29,0.0019561,9,0.000134327,0.00053731
8218,2,19,10,200,69.4998,0.001036102,0.000207221,6,4.60E-05,0.000529564,0.001358445,26.3448,85.2203,9.1186,16,0.0011282,5,0,0
8262,2,16,12,1500,82.5222,0.00165186,0.000145096,4,7.81E-05,0.000535738,0.003169784,47.7597,77.0282,4.3521,22,0.00066967,6,0,0
8338,2,18,28,630,93.6336,0.001389981,0.000140402,3,0,0.000519488,0.002920364,44.8889,72.7885,5.5769,20,0.00050545,4,0,0
8351,2,19,12,196,91.3842,0.003388424,0.000138303,5,1.73E-05,0.00032847,0.001849803,72.2642,72.785,8.5514,18,0.0012793,6,0.000190167,0.0017634
8370,2,23,8,500,88.3518,0.000340754,0.000151446,4,1.26E-05,0.000429098,0.003256096,38.7704,71.3953,4.876,23,0.00087082,7,0,0
8379,2,18,28,300,145.4184,0.007523738,0.000402339,6,4.02E-05,0.000214581,0.003674696,46.989,52.2336,5.5657,22,0.001207,7,0,0
8381,2,17,24,250,76.5612,0.000850764,0.000186753,4,1.04E-05,0.000238629,0.003247427,49.2949,64.1789,4.0927,20,0.0013799,7,0.000197128,0.0001245
8405,2,28,14,450,81.9714,0.002017436,0.000378269,7,1.80E-05,0.000162115,0.003224296,46.8683,66.1341,4.2514,30,0.00074753,7,0,0.00054939
8408,2,20,10,600,81.7656,0.000220439,6.61E-05,2,4.41E-05,2.20E-05,0.001983952,31.9101,63.4222,7.7333,5,0.00070541,4,0,0
8416,2,19,14,340,99.2562,0.002642515,0.000350077,4,0,0.000101635,0.004381606,33.0233,64.268,3.7062,17,0.0016375,7,9.03E-05,0.00039525
8419,2,23,24,500,36.2466,0.000758956,8.54E-05,0,0.000104356,0.000180252,0.001479964,86.271,146.5385,4.3974,25,0.00064511,8,0,0
8422,2,21,20,550,57.4998,0.000979281,0.000412329,3,0.000335017,5.15E-05,0.001752397,29.791,98.5294,5.7206,10,0.00059272,4,0,0
8431,2,18,20,140,90.8652,0.001110269,0.000121859,2,0,4.06E-05,0.002870451,27.8673,64.1321,5.6887,17,0.00075823,6,0.000135399,8.12E-05
8454,2,18,10,150,63.1158,0.001471607,0.00017313,5,0,2.16E-05,0.002596953,51.7983,82.3,4.0917,13,0.00056267,4,0,0
8493,2,16,16,750,78.3252,0.004064215,0.000177809,4,2.54E-05,7.62E-05,0.001752693,126.2353,109.7971,6,13,0.00048263,4,0,0
8497,2,20,6,100,179.625,0.006372535,0.000432273,4,0,0.00029283,0.005138467,40.212,40.0109,5.0936,30,0.0010179,7,0,6.97E-06
8506,2,22,4,200,98.3262,0.003166693,0.000389348,3,1.30E-05,0.000194674,0.002647563,48.4532,66.6275,5.7402,26,0.00079167,6,0,2.60E-05
8559,2,16,10,200,71.8128,0.00118543,0.000366008,6,4.92E-05,0.000666463,0.002687702,47.7475,79.4228,4.748,29,0.00036601,11,0.000180273,0.00026768
8581,2,18,12,400,94.185,0.001073811,0.000125978,7,1.80E-05,0.000125978,0.003029467,45.1111,68.895,5.4297,41,0.00046192,8,0,0
8635,2,16,16,500,131.0976,0.002648822,0.000464706,0,0,0.000848088,0.003915145,42.2738,55.905,5.5282,26,0.0010921,6,0,0
8655,2,23,16,1200,61.908,0.000445633,0.000249554,2,0,0.000196078,0.001194296,44.4242,93.9104,10.7463,11,0.0010873,5,0,0
8748,2,23,12,300,98.652,0.001914385,0.000466923,2,1.87E-05,0.000457585,0.003072354,30.7439,72.1337,5.5046,28,0.00056031,10,2.80E-05,3.74E-05
8780,2,18,4,50,62.7888,0.001243698,0.000319328,2,0,3.36E-05,0.003344538,43.8788,64.2814,3.2161,18,0.00060504,6,0,0
8788,2,23,18,1800,61.6998,0.001894843,0.000251762,6,0.000185509,9.28E-05,0.002504373,48.766,89.3968,4.0265,20,0.00078179,7,2.65E-05,0
8796,2,23,28,1250,68.0034,0.003175411,0.000424016,4,0,0.000263832,0.003382708,59.2067,67.5655,2.9721,21,0.00045228,9,7.54E-05,6.60E-05
8800,2,20,6,480,54.3408,0.00096922,0.000176222,5,8.81E-05,0.000303493,0.002496476,61.1969,84.8471,3.8275,18,0.00042097,7,0,0.00010769
8802,2,32,8,100,116.1432,0.005540743,0.000263845,7,0,0.000152752,0.003791035,48.4706,60.0293,4.2418,16,0.00070822,6,0,0
8892,2,21,18,40,50.022,7.38E-05,1.23E-05,1,0,8.61E-05,0.001966858,83.2201,107.6,4.8312,12,0.00052859,6,0,0.00018439
8941,2,18,24,730,64.8402,0.002321981,0.000490825,5,0.000226535,0.000283169,0.002189836,63.687,81.3103,4.6379,23,0.00056634,6,0,5.66E-05
8975,2,19,14,200,76.164,0.0007497,9.00E-05,0,0,0.000709716,0.003118753,40,73.6538,4.5288,23,0.00077969,6,0.000419832,0.0005098
8985,2,27,6,300,66.4092,0.00147367,9.82E-05,1,0,0.000130993,0.002750852,44.0964,89.1429,3.9048,12,0.00072046,5,0,0
8992,2,16,24,110,156.738,0.005061807,0.000106564,2,0,0.000127877,0.003505968,33.7317,55.8784,6.383,24,0.0015026,6,0,0
8993,2,16,48,400,57.051,0.000464104,0.000256057,7,0,0.000208047,0.002584579,67.8137,93.6842,4.2012,29,0.00053612,7,0,9.60E-05
9014,2,25,8,420,51.2376,0,0,0,0,0.000461271,0.002643438,80.6734,78.4966,3.7416,31,0.0011266,7,4.44E-05,0.00034595
9020,2,25,8,256,69.7878,0.002337305,0.000469753,0,0.000183318,0.000527039,0.002497709,49.9724,82.0917,4.5183,17,0.00046975,6,0,0
9025,2,26,8,77,60.0756,0.001836359,0.000524674,4,1.42E-05,0.000283608,0.002403574,71.7041,96.7316,4.1121,24,0.00054594,8,7.80E-05,0.00054594
9031,2,23,42,400,99.4476,0.002566459,0.000142581,2,0,0.000324768,0.002907069,27.5738,63.4332,5.7738,24,0.00031685,7,0,0
9044,2,20,16,80,92.1876,0.000993291,0.000276819,1,0.000879307,0.00047222,0.002344819,39.4126,81.75,6.9236,13,0.00094444,5,0,3.26E-05
9078,2,21,4,20,53.2404,0.000116993,6.50E-05,0,0,0.00015599,0.001845882,47.8014,85.5775,5.5141,18,0.00037698,6,0,0
9161,2,34,2,110,61.0746,0.000560764,0.000129407,1,7.19E-05,0.000158164,0.002645655,52.2842,86.9348,4.2772,20,0.0011503,7,0,0
9184,2,19,20,120,86.0274,0.001701868,0.000349101,4,0,0.000130913,0.00257462,69.6136,75.887,5.9774,22,0.0012946,6,5.82E-05,0
9206,2,19,20,150,62.394,0.001106799,0.000273106,5,2.16E-05,0.00014374,0.00283168,47.8575,82.8325,3.8807,28,0.00056777,11,0,0.00017968
9216,2,30,2,240,54.84,0.001249905,0.000359821,4,9.47E-05,0.000454511,0.001969548,52.1553,97.3462,5.2981,17,0.00047345,6,0,0
9219,2,19,4,400,80.4,0.000512558,5.34E-05,1,1.07E-05,0.000480523,0.002520075,45.2596,85.1695,5.839,23,0.0014843,8,0,0
9232,2,27,16,400,61.3848,0.000452686,0.000117363,4,0.000368855,8.38E-05,0.002280196,40.3259,76.5294,4.7941,19,0.00060358,3,0,0
9240,2,31,8,750,89.2404,0.000605296,5.15E-05,2,0,2.58E-05,0.003554502,43.7527,60.5072,4.4384,14,0.00079848,6,0,3.86E-05
9243,2,31,12,60,95.5152,0.002114286,0.000277551,6,4.08E-05,0.001861225,0.002065306,29.6667,87.4466,8.4704,22,0.0008,8,0,0
